name,Team Ranking,Kills,Assists,Mobility (Driving),Mobility (Walking),DPS,Survival Time
cjwzdhs,4,4,1,0.180143184,2.260030051,0.270635003,1636.891
zhy1116,15,1,0,0,2.07435059,0.083312347,1584.399
BIGBETERHOF,32,0,0,3.074405901,1.155346699,0,930.316
Contona,37,1,0,1.319953072,1.121011353,0.360985886,709.169
GuildasMan,23,0,0,3.159914019,1.027321373,0.001677844,1192.006
BearKunKun,31,1,0,0.679648536,1.612315179,0.087234311,997.314
BreadRoller,44,1,0,0,2.229314912,0.246458656,750.633
LeeAnh4567,52,0,0,0,0.764548127,0,368.865
K4Kanuck,22,2,0,3.765512628,1.405241837,0.404242583,967.241
VOLLON,20,1,0,4.30863143,1.354118441,0.088746452,1205.682
SuperZRZovo,46,1,0,0,0.892251127,0.398406375,441.76
wqlaotie,9,1,0,0.142193922,1.099328754,0.103032719,1630.55
Captainponch,12,1,0,3.693158166,1.65094422,0.042662888,1547.012
Timordz,76,0,0,0,1.41235037,0.216517758,157.031
ReelDedicated,89,0,0,0,0.369975656,0,98.999
liyunlong0124,18,0,0,2.450135935,1.889667097,0,1414.646
Tank-Chiji,7,1,0,1.869951931,1.224284918,0.102558501,1647.84
nebraskabatman,66,0,0,0,0.917114572,0.116364313,343.748
MrBigGut,5,1,0,0,1.778786939,0.054272415,1658.301
chpdsb,37,0,0,0,2.139266367,0.052983201,811.578
Yulinshen,83,0,0,0,0.60338592,0.304701545,131.276
Loochie,27,1,0,0.85033521,1.645225117,0.039480228,1317.115
llqsmnz,9,1,0,0,2.533316806,0.116260129,1565.455
Cceline66,41,0,0,0,0.974465026,0,569.62
jinpaigeshou,11,1,1,1.004827856,2.056121648,0.112166538,1444.281
BrodieTh3Great,42,0,0,0,2.496932867,0.096406986,539.38
Rattlesnake-007,77,1,0,0,0.495962084,0.604532787,165.417
Sannet,49,1,0,3.086360993,1.810841273,0.511402004,353.929
huya-boy,76,0,0,0,0,0,148.222
DieDle,48,3,0,0,0.44174075,0.469597603,617.55
OvrDoseDnHAM,66,1,0,0,0.737821954,0.586042805,170.636
MucQAQ,77,0,0,0,0.919408211,0,165.336
Evil__God,78,0,0,0,0.348250692,0.214830215,144.3
ZHILEKUAIDIYUAN,17,3,0,2.964283383,1.554500171,0.219887596,1455.289
Rockerdlb,77,0,0,0,0.829915943,0.253438313,177.558
TheRealCurrent,53,0,0,1.256085421,0.947137624,0.260143522,361.339
laohuangsda,93,0,0,0,0,0,87.132
Iyokus,6,2,0,0,2.511711416,0.176982598,1717.683
AXDylan,6,1,0,0,1.666691684,0.123869915,1646.889
lzz1986,21,2,0,0.984260389,2.318777796,0.145489107,1367.8
duizhang666a,63,1,0,0,1.083775523,0.375152406,383.844
anangrygreekmob,40,2,0,0,1.115975026,0.357344492,752.775
Luciferzhanggg,36,2,0,1.189045855,1.326440875,0.263487601,759.049
TouRu_,25,1,0,0,1.151197152,0.084171329,1188.053
PapaPeenu,33,0,0,3.454246277,1.682773894,0.030848156,1069.756
Graer,17,2,0,2.248926642,1.652357335,0.235943937,1178.246
Zazamat,17,4,0,0.140371012,2.196978903,0.310122337,1425.244
AaronRamsey16,44,0,0,0,1.825534612,0,636.592
NinjaX1,29,1,0,2.181197256,1.659821572,0.169880776,941.837
Hardunkichud,18,2,0,3.450547264,1.316502908,0.172846912,1376.941
Chu-pei,85,0,0,0,0.302365679,0.320624331,146.589
killwinner6,70,2,0,0,1.503686226,0.855691848,233.729
WisdomYy,51,1,0,0,0.782892834,0.330563645,444.695
Kirito19960626,59,0,0,0,1.301820763,0,326.712
Encryption29,64,0,0,0,1.063065681,0.363281574,192.688
CCTVanqi,71,0,0,0,2.097019789,0.384108106,216.085
monvjiejie,6,1,0,0,2.924886407,0.056383462,1755.834
marsli_1983,10,0,0,0,1.124022508,0.036561213,1613.732
jieunadidas,53,1,0,0,1.887160033,0.257253917,388.721
FOOTBALLBREAD6,43,0,0,0,2.822123996,0,719.7
HHZZYYCCJJ,68,0,0,0,0,0,916.757
LalisaaFanss,53,1,0,0,1.362926548,0.234676829,570.998
AAchinachiji,59,1,0,0,1.31820733,0.39041476,358.593
ZiLei007,88,0,0,0,0.753116813,0,128.718
mattdamonisalie,66,1,0,0,0.820010087,0.350491038,285.314
ctri_5408,24,0,0,0,2.147231178,0,1187.346
TRlBERUS,2,6,0,0,2.477417956,0.34509595,1816.886
PlsBeGentle,10,3,0,1.808251325,1.997015985,0.127231055,1634.821
TungDivine,29,3,1,0.768196041,1.1621577,0.370786552,970.909
Jewgan_Freeman,4,2,0,0.898836119,1.409800544,0.11314606,1785.303
Clarence-z,41,2,0,0,2.033017335,0.337581369,607.261
Imxiaoxiao,82,0,0,0,0.489074514,0,146.334
THECAROLER,78,0,0,0,0.642043871,0.285869472,104.943
Szz-3-,63,1,0,0,1.02009437,0.971568376,226.438
BetterWBacon,35,1,0,3.384710516,1.353498286,0.34257714,750.196
888232,45,0,0,0,3.857785254,0,815.922
f0ol1o,83,0,0,0,0.299559189,0,117.624
Linguofeng111,73,0,0,0,0.448196494,0.364389234,181.125
V-SPACE,77,0,0,0,0.233241002,0,113.36
phenomenalpond8,53,0,0,0,1.669237976,0,186.019
AK-wolf,37,0,0,0,1.629126255,0,1007.09
CND_BBQ20Tap,17,4,0,1.084842199,1.827728496,0.256027642,1410.004
Dave-007,30,2,0,0.009919261,1.750764244,0.234641936,1001.526
Yehenara_Aneles,47,0,0,0,0.979608251,0.022638354,750.938
nvpengyounaiwo,6,5,1,2.957732221,1.58510049,0.287515536,1669.475
zhengxiangyi,70,0,0,0,0.56962747,0,332.22
monkeysgorawr,48,0,0,0.002501356,1.276630495,0.045015896,710.86
BabyRenee,22,3,0,0,1.224184138,0.234693578,1158.958
LiquidBread,5,3,0,0.38814779,1.434033905,0.220587111,1831.476
LDSbbg,56,0,0,0,1.081950329,0,503.915
Kashmeoutside,98,0,0,0,0.068928935,0,87.315
go-Kiii,86,0,0,0,0.170602288,0,96.06
mxl-yx,35,1,0,0,2.031420211,0.302779591,802.564
Bowsparrow117,45,3,0,3.037306548,1.811656628,0.614744782,505.901
paopaolong797,74,0,0,0,0.524206848,0,1103.981
KillerCanadian,53,0,0,1.07813975,5.592642787,0.217033395,456.151
PChariot,78,0,0,0,0.622400634,0,155.544
TPTian,62,1,1,0,1.472274282,0.553925783,225.662
Langing0,8,1,0,1.117212851,1.48511922,0.106858525,1506.665
Hellsxfist,36,2,0,0.725708825,0.585161128,0.24070517,830.892
3_JorJon_3,20,0,0,4.086566793,3.514992554,0.045655464,1314.191
YANGSUE01,81,1,0,0,1.219618183,1.636095298,118.575
Zloveeeeee,89,0,0,0,0.1721943,0,90.791
Assassinguy,56,0,0,0,0.729537145,0,223.18
CChinaAGCD,19,0,0,0,1.119324098,0.09452713,1195.424
Zemmer11,76,0,0,0,0,0,131.684
ChugMaster,22,2,0,0.057948779,1.405740802,0.177363206,1257.307
lc0503,62,0,0,0,0.924391036,0,162.614
MoxNoxRox,10,2,1,1.408295349,1.257871008,0.16484411,1474.12
Bauere,76,1,0,0,0.472311359,0.295853381,128.442
MrsStealYouDog,60,0,0,0,1.709442205,0.123117479,276.159
HX19861,41,0,0,0.002989678,2.790827208,0.05950457,739.439
ljw990119,51,0,0,0,0.535603228,0.218597851,352.245
zyl0703,51,1,0,0,3.138577972,0.305156225,327.701
wobuxiangqu,17,2,0,0,1.968482313,0.177335015,1528.181
F91_is_chicken,12,0,1,2.697925392,1.280353543,0.026560324,1581.306
CruxInMyLife,7,5,1,1.065242409,1.620137738,0.391693827,1766.686
OMG-Sjb,60,0,0,6.460716071,0.955260983,0.113038719,336.168
OBLIVIONAPC,9,3,0,0,1.410655346,0.162214436,1769.263
handsome0076,12,0,0,2.650312341,1.022217634,0.011105908,1620.759
BOSS7777777,30,0,0,0,1.856595224,0.01557546,1027.257
PapayasJr,52,0,0,0,0.85389296,0.1089562,513.968
janzzpu,33,4,0,0,2.067957333,0.463609414,908.092
NOSaints71,19,2,1,1.321833483,1.400574609,0.173901258,1224.833
bbweng,84,0,0,0,0.361799908,0,99.274
czs9999,64,1,0,0,0.671166795,1.047897917,167.001
eiShaarawy,79,0,0,0,0.52421311,0,104.65
kNIFEy44,57,1,0,0,0.643786993,0.81492102,326.412
AT-Ice-T,5,1,0,4.179504111,0.662368144,0.033381322,1647.628
HottQuartz,32,2,0,2.002305035,0.681900197,0.288901171,1034.956
soyail,59,1,0,0,1.648534993,0.369019457,257.439
Sheng-0_0,24,3,0,1.874789345,2.1420704,0.267085219,1123.237
soulpro,54,0,0,0,0.472824914,0.147336074,332.573
qigeng666,14,1,2,2.287040463,1.461012829,0.140360114,1489.027
aabbccu-,59,0,0,0,0.888581878,0.134457397,297.492
ChinaYangyonhao,82,0,0,0,0.695503761,0.450910275,159.677
TetrisProdigy,75,1,0,0,0.576927781,0.553961535,211.206
BanditBoy,84,1,0,0,0.446275756,0.702217603,142.406
for0039,49,1,0,0,0.924961302,0.178239775,561.042
MnH-Digits,66,1,0,0,1.22238247,0.361910889,273.548
zxcvpiimmm,9,0,0,1.521685572,1.763605795,0,1073.422
LiuXiangbaba,1,3,0,1.755416107,3.145426325,0.180772701,1908.474
TxSilverFox78,9,1,0,0,1.166158197,0.06112761,1488.689
maldeity,73,0,0,0,0.674121403,0,290.397
cpaa84261379,14,3,0,0,1.801500448,0.212827604,1508.263
lab_pro,19,0,1,0.786626583,1.11148333,0.061673566,1491.725
nehme10,56,3,0,0,1.195318155,0.507583367,279.757
SlayerInstinct,26,2,0,0.624164661,2.254560769,0.185130983,966.883
jiedada99,91,0,0,0,0.488922982,0,107.403
tracy1988,99,0,0,0,0.078792292,0,99.505
NetDucThang,41,0,0,0,2.264632497,0.154501512,498.377
Wen-Hao-,66,0,0,0,0.850255904,0.1070184,299.014
ErenGod,34,0,0,1.289433014,1.187078214,0.017837116,897.006
Koalafornia44,79,0,0,0,0.522962342,0,134.765
xiaomage456,6,2,0,2.436381247,1.436411104,0.190093512,1720.206
GothicMy,67,0,0,0,0.389229922,0.182246536,301.789
Takaa96,76,0,0,0,0.550480576,0,127.256
BxFatez,66,0,0,0,2.026614826,0,256.297
Ares_xuan,85,0,0,0,0.145645943,0,88.677
Fubark,33,0,0,0,0.224702413,0,795.067
caonimeimei39,23,0,0,0,3.445089808,0,1307.79
0nesh0t77,82,2,0,0,0.346549232,1.62772068,117.342
Oatcutter,4,1,0,0,0.466217055,0.104665551,1777.089
ataknet6,17,0,0,0.487398681,3.822413645,0,1175.869
testicouilles,72,1,0,0,0.507449355,0.703474505,181.954
Phantomninjalol,30,3,0,0.637369385,0.980976638,0.423725347,1222.49
BigPapaCave,78,0,0,0,0.597553256,0,130.065
SHUAIGE--,75,0,0,0,0.918915599,0,123.376
Phlash72,82,0,1,0,1.158673925,0.092793071,96.99
mmm1166mmm,72,0,0,0,1.110377156,0.333135039,294.175
Monster-Warning,50,0,0,0,1.246591984,0,538.682
s1s23sd,40,4,0,1.946565478,2.364611113,0.563897322,618.907
haihouzi-,44,0,1,0,1.11154497,0.316070654,357.515
AnalLiberation,38,0,0,2.388071318,1.350540201,0,813.623
Yuezouyueyuanz,18,5,0,2.099556228,2.062583909,0.444873481,1389.159
starmimer,50,0,0,2.5717,1.227446447,0.120281459,448.947
ItzTaffy,53,1,0,0,1.445451602,0.29928515,407.638
VerickHu,61,0,0,0,0.805775048,0.258858216,227.924
AncientTroy,67,0,0,0,0.696895471,0,140.659
PT-choushabi,2,2,0,0.630519792,1.38172615,0.13302066,2007.207
xinduwangfeng,59,0,0,0.7686052,1.074528196,0,453.298
SoundofAwesome,69,1,0,0,0.975891328,0.497535237,305.506
DixonWithBigDick,29,2,0,1.761223042,2.248084138,0.207355681,954.881
YouAreCute,84,0,0,0,0.763220962,0,94.206
Pirate-HT,80,0,0,0,0.389737386,0,135.234
Vilepr,63,1,0,0,0.660687091,0.84892732,164.914
NaQ-sKL,22,0,0,0.421391762,1.958175674,0,1476.732
Parrydown,42,0,0,0,1.762895583,0.02423114,784.115
BamboAmbo,6,3,0,1.62188644,1.029994934,0.152843665,1746.883
D-inosaur,71,0,0,0,0.694432908,0,252.146
StealWithAkiss,59,3,0,0,1.773873638,0.4493108,518.572
XxTakin_NamesxX,66,0,0,0,1.35455781,0,280.343
kkillers123_123,87,0,1,0,0.401768666,0.087766261,113.939
qiqichiji1,83,0,0,0,0.949691163,0.12323057,186.642
tankwatic,73,0,0,0,0.557133527,0,175.306
51902545,66,0,0,0,0.978272685,0,169.639
IGoByChad,36,1,0,0,0.621757723,0.125168978,399.46
w819401655,15,4,0,1.559568772,1.436161997,0.325298395,1466.346
nexu1m,96,0,0,0,0,0,242.924
vincece1,52,0,0,0,0.374752127,0,322.54
XenonFire_,96,0,0,0,0,0,328.527
I_Have_No_Legs,61,0,0,0,0.845030478,0,286.894
Hugo111,92,0,0,0,0,0,72.035
RONZO5619,21,0,0,0.881461921,3.210365969,0,1290.193
Dakid2014,3,1,0,0.191644633,1.32155101,0.050879322,1965.435
TidusTZ,64,0,0,0,0.162798319,0.165470764,132.954
19741300642,77,0,0,0,0.106643699,0.84684598,103.915
WuhanDiyi,15,0,0,0,0.792194593,0,1459.259
qinglonglong,20,0,0,0,0.586451391,0,1339.329
HKYOUchou,10,4,0,0,1.415612319,0.202666444,1485.199
ResistanceOfFate,41,1,0,4.40964607,0.660616213,0.118320391,591.614
wu158,53,2,0,0,0.888780954,0.427238742,440.035
Yera222,34,0,0,0,3.073590964,0,1138.917
Bman432,62,1,0,0,1.08883958,0.398441298,250.978
xiewendong28,15,0,0,4.35342082,1.332530652,0.017552882,1139.414
StreetFreak,18,3,0,0,2.025101676,0.208512331,1352.438
Emailk,73,1,0,0,0.298655964,0.735785953,134.55
Mac418,7,5,0,1.679893909,1.627432468,0.271667968,1634.348
ThechosenoneLee,34,1,0,0,1.046951438,0.148435196,1010.542
NaKedxiang,14,2,0,0.804194382,1.345046652,0.121953895,1549.766
pdwoom,15,4,0,4.99609204,0.873678382,0.412975884,1208.303
731Bz,28,4,0,0.16082959,2.967993,0.350170548,1090.897
EddieYYYanG,10,1,0,0.001886658,3.602939426,0.066811514,1496.748
MuZi_CHiji,63,0,0,0,0.647104717,0.350635926,219.601
qinqinqinaide,16,0,0,0.790631015,0.90279867,0.06035698,1441.424
zhoudasheng0,19,1,0,0,2.4228368,0.160026897,1237.292
Kev_Lar98,84,1,0,0,0.519941602,0.910108576,109.877
Tohy-Leun,83,0,0,0,0.478815954,0.633206692,120.024
L3m0N_PL,76,0,0,0,1.133754005,0.496298199,171.268
Triple_B,93,0,0,0,0.575556209,0,107.609
BridegDi,1,12,0,3.864156736,1.776063769,0.625307096,1754.338
VR_Homey,53,0,0,0,1.259900013,0.117467403,502.267
El_Squeakiador,21,1,0,1.339011758,1.616599532,0.153640402,1256.18
blue-Knights151,97,0,0,0,0.156072615,0.750983431,83.89
Verylucky11,33,1,1,0.884278237,1.250202253,0.182998819,1016.4
xMcCarrickx,54,0,0,3.724317608,0.712307291,0,536.019
RangerKevin,10,0,0,0,1.547423341,0.03725334,1744.81
hanlin002,1,6,0,0,1.450381159,0.207281752,1963.511
KentaFujiwara07,67,0,0,0,1.202827391,0.362116992,215.4
Azk1991,42,1,0,1.313784053,2.523261688,0.201463143,729.662
ymhs123,8,2,0,0.707941072,1.477601799,0.146807499,1689.287
zettabomb,8,2,0,0,2.548058139,0.113642175,1759.91
akaRAINMAN,10,0,0,4.660718965,0.59554304,0.033633553,1665.004
xiaobaifen,88,0,0,0,0.414702694,0.500948767,131.75
ren0816,70,0,0,0,2.789521795,0,366.935
Trident-k1ng25,75,0,0,0,0,0,169.537
donana,64,0,0,0,0.18368171,0.479137145,98.093
quannengdong,73,0,0,0,0.36202789,0,204.735
Chinasenshao,71,0,0,12.00695648,0.324300726,0.012635197,237.432
wensente01,55,1,0,0,1.429503708,0.239734494,266.962
Silent_M,6,4,0,0.892005905,1.870218095,0.211302353,1765.243
taot,71,0,0,0,0.592908709,0,275.098
Ricebucketz,84,1,1,0,0.555225001,1.480619745,113.466
louselove2008,47,0,0,0,0.67857404,0,597.582
rtang86,4,4,0,5.510230319,0.696030808,0.34358944,1757.912
PeeTree,10,0,0,4.006089021,1.114634848,0,1530.788
Cadillac_1120,81,0,0,0,0.743757244,0,127.865
caododo,45,1,0,1.613288705,0.664999405,0.177586143,563.107
MaroonRoof,8,0,0,0,1.594998772,0.02456417,1628.388
ShuAndInori,90,0,0,0,1.01599036,0.337946,112.444
Scheeren0525,34,0,0,2.120143604,2.090409654,0,1079.569
BingJade,21,1,0,0,1.678292141,0.062135884,1207.032
Burney570,28,1,0,0,1.923121465,0.088258994,1133.029
BBJ-002,18,2,0,2.383785789,2.187032978,0.140108062,1456.019
TheAsianArcher,7,3,0,4.274820547,0.959813278,0.199474819,1619.252
laoluanzi,60,0,0,0,1.806552849,0.073406121,258.834
102098,43,2,0,0,1.476524941,0.359606979,447.711
MahangMDH,55,0,0,7.101666349,1.038322078,0.130934455,336.046
MrrCrab,94,0,0,0,0.310652161,0,75.66
Mechanical-Ship,83,0,0,0,0.336113296,0,138.84
BIVERMAN,64,0,0,0,0.690643943,0,145.412
Dontworryboutit,71,0,0,0,0.214222153,0.356223628,199.313
hugedabs,34,1,0,1.115122994,2.358376753,0.109332585,905.494
listener23,62,1,0,0,1.293119146,0.409117211,442.416
PAYTONLB999,48,1,0,0,0.89798233,0.20636307,479.737
PanadTv_MrChen,64,0,0,0,0.453603981,0,311.783
ChinaCuiKanG,36,3,0,3.006424651,1.11702594,0.418460518,795.774
Thezander,17,1,0,0,1.592137328,0.09123032,1512.655
376953309,85,0,0,0,0.644949865,0,135.437
Satren4,28,0,0,2.96365153,1.697335289,0.003412985,878.996
ZI_ChenR,9,2,0,1.202263416,2.090766281,0.164761038,1547.696
panda_Gege,56,0,0,0,0.760849566,0.078151072,473.442
LoveZWJ001,42,1,0,2.576755614,1.919971038,0.11612985,852.494
xiaozui1022,24,1,0,0,2.914227792,0.098465824,1269.476
1nmb1,77,0,0,0.190871497,0.20941472,0,890.387
lag-iwnl-,2,3,0,1.969081526,1.110745964,0.154748843,2003.246
DonovanMcDabb,20,1,0,5.188941467,0.886849097,0.107667544,928.785
HydraCPLA,21,0,1,3.3337884,2.103319304,0.021597826,1064.922
doobin42,59,0,0,0,0.453132975,0.54768767,257.446
Deadeye289,94,1,0,0,0.026212719,1.222680727,98.145
Vixnoir2017,83,0,0,0,0.044770464,0.305709528,124.301
OuterThrill,18,5,0,3.383016744,1.538513073,0.480004189,1031.241
Akai_Shuichi,2,4,0,1.945668442,2.005894133,0.176054092,1959.625
Sourmilk-,58,0,0,0,1.629051037,0,641.732
Emperor_Domitian,79,0,0,0,0.286511833,0,217.972
wwws11,86,0,0,0,0.277544557,0,112.983
Mathchless,16,4,0,0.692451737,0.859396851,0.372699316,1089.35
YouForgotMe,30,1,0,0.71517892,2.748099385,0.192198331,884.503
MagicUZI1,55,0,0,0,0.974863229,0,396.467
TRIVbeast09,8,1,0,2.627932995,0.946997534,0.046641849,1607.998
HUIWQHUIQWIO,51,0,0,0,0.74318014,0,490.374
adfgfshsfb646261,92,0,0,0,0,0,133.671
SBThreeThousand,32,2,0,8.650044151,1.05341883,0.227581668,812.895
you_new_father,88,0,0,0.031776644,0.449935358,0.871064165,109.062
TODR3K,85,0,0,0,0.097616063,0,126.58
co_huan8,79,1,0,0,0.639925944,0.922245483,108.431
wewewewedfwewew,14,2,0,3.002817526,1.566537865,0.150687739,1493.154
jiangsu_Lee,29,0,0,2.985286073,2.223552173,0.026893792,1227.049
thefreem,76,1,0,0,0.61261806,0.885227411,140.077
K-three-n,8,4,0,0.327768591,1.693918186,0.322117519,1698.138
Cilines,79,1,0,0,0.641224451,0.657211583,152.158
wuyanzhu999,73,0,0,0,2.140913483,0.245553883,219.911
KenLcc,32,2,0,0.998596169,1.300679751,0.174083687,1200.572
Weed_Everyday,11,0,0,2.338528721,1.531090489,0.040911482,1564.353
Conch-y,2,6,0,1.282458023,1.496824138,0.318069837,1902.098
BIUSAOSHEN,26,3,1,1.92854376,1.06980828,0.362113753,1049.394
oBeargryllso,64,0,0,0,1.188820006,0,385.263
KaiWen456,51,0,0,2.157162842,0.982922884,0.024888314,401.795
Stealthstone,21,3,0,3.73065026,1.11281593,0.253667957,1344.277
itsen,10,2,0,2.440942312,1.850701729,0.198652843,1031.951
WuHuZZH,70,0,0,0,0.023885103,0,889.162
nigthfalt,53,3,0,0,0.659203466,0.959459385,361.662
Mr-Zhou22,13,1,0,0.39188554,2.837692606,0.1516054,1484.116
Chiteijin,72,0,0,0,0.065052432,0,134.078
lxpplay,14,0,0,0.710227259,0.536902892,0.029742826,1277.619
MiNi14-STY,86,0,0,0,0.471653147,0.317540963,110.222
hunchumo,28,2,0,1.282311903,1.567172894,0.191160396,1150.866
WeGay_Macbeth,43,1,0,1.351927918,1.354377223,0.254200526,723.838
NeonBattle,16,2,0,4.972887168,0.801265523,0.166149327,1420.409
Jingxiaocheng,2,3,1,0.984113994,0.78318275,0.222513082,1869.553
gulangjujishou1,30,0,0,0.372700653,2.948349922,0.055615909,1078.828
DoctorDhy,14,0,0,1.832344517,3.267284522,0.01370208,1532.614
LuTaNy,34,0,0,0,2.482857263,0,748.769
cs19981,81,0,0,0,0.286675856,0.269084997,174.666
XIONGMAO2237,73,0,0,0,0.74398004,0,175.35
cyl11,74,0,0,0,0.067603816,0.956032177,103.553
PeaceU,77,0,0,0,0.166849046,0,81.899
TR-PoyLark,39,0,0,0.71357337,1.387941363,0,847.483
Kel-Morian,5,1,0,0.572115446,0.633677377,0.073065645,1738.163
Zjj_cc,60,0,0,0,1.584556809,0,530.279
GarrettDaMan,21,2,0,0.993556321,2.025486667,0.207368089,1195.941
Nolanxx,89,0,0,0,0.419092516,0.310108427,90.291
longcung,13,1,0,0,1.052460485,0.062442383,1489.373
leesunwoo521,16,0,0,3.024606813,0.72827516,0,1307.646
GoldMagic86,18,0,0,0.43097474,1.750696019,0.001442212,1386.759
Cedrichu7,5,6,0,0.112861695,1.979796057,0.346141341,1713.173
Shark-007,36,3,0,0,1.522959033,0.250487024,806.429
UnbanHankHill,78,0,0,0,0.985034491,0.120090421,283.12
footman_12,53,0,0,0,0.346262536,0.10343178,232.037
AndrewBuffalo,4,0,1,2.063236963,1.003239222,0.01529814,1699.553
IMCHENLONG--,29,1,0,2.744931861,1.283681504,0.165332916,1022.18
Vanchenz0,76,1,0,0,0.305673912,1.17298109,133.847
lishizhende-pi,31,0,0,0,1.335107251,0.033681977,950.063
Timber870,64,1,0,0,0.851748671,0.369228015,268.127
dade1bbbbbbbb,80,0,0,0,0.459394904,0.224534738,115.795
Boss18mN,83,0,0,0,0.460716379,0,115.522
jaglzw,23,0,0,0,1.362800791,0.077822915,899.478
ConDick69,61,0,0,0,0.765242669,0.315289096,288.624
Flexin4Lunch,9,0,0,2.311103685,1.065137708,0.018345823,1526.233
str8ballistik,5,0,0,0,2.150409107,0,1748.93
ZYFFF001,68,0,0,0,0.61701684,0,197.984
woshitushui,63,0,0,0,0.461576218,0.162447128,326.26
HHHHHGG3,10,2,0,3.243835515,2.014321123,0.075111897,1557.676
MasiW9999,6,1,0,2.948959636,1.029406846,0.092861638,1593.769
HuaYangZuoSiA,38,0,0,2.822826107,1.284938913,0.082581254,847.65
JerryFKedTom,17,0,0,3.435260019,1.302461575,0,1290.385
DADDY-MING_98,5,0,0,0.80519038,0.80715778,0.044860773,1761.004
TheChase,64,0,0,0.662827354,2.336879879,0,284.38
Random_raver,54,1,0,0,1.62765504,0.208549695,474.707
mustafayngls,85,0,0,0,0.300870905,0,85.348
Kabaje,92,0,0,0,0.079243396,0.39770568,113.149
woshisheng4339,52,0,0,0,0.506016381,0,212.931
Forgot2Wipe,12,2,0,4.985127872,0.478313946,0.154050782,1525.471
panzheng666,58,2,0,0,1.170575742,0.20435374,298.502
Aleksei50,37,1,0,0.494574911,0.391102403,0.126023048,983.947
soju3oy,12,2,0,0,2.624416302,0.143364478,1464.798
VVictor_Wang,38,0,0,2.465301703,1.298024417,0,836.867
kaixiandiyiji,51,1,0,0,1.392333641,0.479439425,406.725
OKORZ,28,0,0,3.782555005,1.262688895,0,1237.352
afewfqfqw,62,0,0,0,0.964316935,0,235.61
tanglaotaigong01,44,0,0,0,1.439038301,0.162152861,604.368
air-force1234,37,0,0,4.973489833,0.699982856,0.100593962,1093.505
luoyunshuo,26,1,0,0,1.468980047,0.114489262,1161.681
XGlaichiji,61,0,0,2.869144592,0.661830555,0.083282737,744.452
tianxin123456,22,0,0,3.682624862,1.672865775,0,1318.816
renmengwei,62,0,0,0,0.207244119,0,1145.69
GGx_98k,88,0,0,0,0.444175503,0,105.943
wzy55556,89,0,0,0,0.357678464,0.610632184,111.36
Deep-Attract1ve,3,6,0,0.836378282,1.997297715,0.397803078,1754.637
Chari101017,61,0,0,0,1.025464822,0,232.756
Ventidarkroast,96,0,0,0,0.354138237,0,86.133
OG_PepsiMan,48,0,0,4.10809001,0.832791136,0.229072257,401.62
Dao-Xiao-Mian,38,0,0,0,2.067461482,0.029165573,754.314
BT-Caxias,98,0,0,0,0,0,173.917
Zambong,69,0,0,0,0.248656942,0.22822957,205.933
Quesifan,93,0,0,0,0.312954189,0,93.439
KYEW0_0,31,3,0,3.035103577,1.013655845,0.295389042,1073.161
diaDesperado,14,4,0,0.438542641,2.078234722,0.260818944,1437.779
afterkaze,66,0,0,5.38094092,0.663800879,0,345.428
404781,67,0,0,0,0.091246963,0,1155.576
Thevalleyofthe,57,0,0,0,0.370734487,0,138.886
Xiu01,25,1,0,5.678586831,1.212039163,0.112867578,1187.232
guancezhe,54,0,0,0,1.229195762,0,562.955
PercyDoesGaming,44,0,0,3.43744607,0.955872671,0.355541064,576.586
Shrekrilege,83,0,0,0,0.538741724,0,163.271
F1111111,35,0,1,0,2.776910894,0.101062601,900.432
FrozToe,49,0,0,0,1.290051433,0.050932621,451.577
dissZid,5,4,0,1.377116624,2.938426174,0.290434033,1656.142
JDQS-God,80,2,0,0,1.4659664,1.311082131,143.393
HTX832,78,0,0,0,0.563446831,0,157.066
cobymj,39,0,0,2.570715587,1.223839878,0.093524918,823.31
DuckTar,48,3,0,0,0.898078006,0.529299927,472.322
Huskie96,36,0,0,2.049977883,2.191378876,0.024862338,925.094
QAQ000001,41,0,0,8.845180722,1.075396687,0.108421417,922.327
jieaini19981216,16,1,0,0,2.689157191,0.162331564,1490.776
Luigibros123,13,0,0,0,2.707644287,0,1338.423
Sky-1999,49,0,0,0,0.576903917,0,825.112
whyfuck2999,21,7,2,4.459616085,1.103192315,0.78198884,1282.627
ScuffJump,11,0,0,3.501009898,1.408394316,0,1555.107
NJMAX,51,0,0,0,0.851389827,0.223733667,312.872
VGSAVAGE,64,2,0,0,1.03555037,0.671326595,296.428
daichenyu,48,0,0,2.963555277,1.473611631,0,661.49
TY-Feng,40,0,0,2.156026703,1.673203082,0,768.616
Barry-Li,50,1,0,1.063956377,2.150967652,0.201808609,495.519
Pyroman88,59,0,0,0,1.747253104,0.129285744,317.127
Taehwi1-_,21,0,0,0.267351093,2.398171725,0,1448.354
BongRips4Allah,1,3,0,0.360892468,2.241993024,0.184028585,1852.973
Tiaren,10,0,0,3.751411538,0.867169666,0.014257642,1613.17
Darkgeo18,20,0,0,3.611372356,1.238311882,0,1268.075
Loli-Fox,85,0,0,0,0.980955622,0,112.015
gggyl_001,3,3,0,0.320823806,1.674821635,0.191267107,1871.728
MirAclEzzzz,12,0,0,2.517476225,1.056786226,0.03706923,1564.64
BOILQUAIL,41,0,1,1.346310413,1.674778658,0.005251446,761.695
jy156888,80,0,1,0,0.80919937,0.511814382,164.122
Bornforkilling,42,1,0,0.996269475,1.530024917,0.24643594,620.851
LMTDLSD,34,1,0,0,1.290189052,0.152589031,642.248
yes1x1,50,0,0,1.551276305,1.07626008,0,505.084
wdh112,39,0,0,0.803361479,1.276907116,0.12184176,738.663
KaRNoV82,38,2,0,0.252243967,2.35914324,0.254329644,786.381
Therealmmccoy,52,0,0,5.612871138,0.747592001,0,577.043
UPS_Auburn,88,1,0,0,0.303620296,0.771946259,115.293
Luhuaqing,41,0,0,3.296531829,0.971029338,0.074371264,752.979
TheRealBrendon,74,1,0,0,0.387917714,1.134403297,148.977
acq450,4,0,0,0,1.466774641,0,1726.276
dusk_raidz,55,0,0,2.25133808,2.9841177,0.092128033,401.615
YMT_05,20,0,0,0.000635065,2.553240297,0.025713129,1400.063
ShelbySuperSnake,74,1,0,0,0.303489049,0.854388733,145.133
4kmordor,76,0,0,0,0,0,144.436
BIG7Tong,45,0,0,0,2.21089561,0.068854969,363.082
Vasily-Zaicksevf,82,0,0,0,0,0,132.21
XiaoShuai778,43,0,0,0,1.571076902,0.090303955,730.865
Sprayer90,84,0,0,0,0.28251717,0,118.375
JiLiaoDeYuXiang,89,0,0,0,0,0,133.472
spocksyourdaddy,10,1,0,2.533495118,1.060402633,0.071027254,1647.255
JH-Han,63,1,0,0,0.766660374,0.391878706,255.181
xiejuntao,80,0,0,0,0.924733642,0,166.633
GRazzleDazzle,42,0,0,2.270001841,1.748243622,0.155432113,418.189
APL2012,37,3,0,0,1.385444154,0.259274744,925.659
Blackout0911,31,1,0,3.258934502,1.786159227,0.203905201,961.231
Iceman666666,38,0,0,5.315769226,0.690347438,0.00208509,959.191
sadasfd,21,1,0,0.480308485,3.045293531,0.167185928,1082.627
cadhantrain,82,0,0,0,0.239910484,0,125.769
GhosT-SaoHao,74,0,0,0,0.795798482,0,184.758
Lumberjackel,12,0,0,4.536467046,2.363956057,0,1507.693
jyosh,95,0,0,0,0,0,142.011
Mr-0left,21,0,0,1.500339938,1.537496133,0.060375806,1341.597
WmhisGod,78,0,0,0,1.020191042,0.260630465,153.474
Laoganmafood,62,0,0,3.778353725,1.506099081,0,235.101
wangjiarv,1,2,1,0,1.660273339,0.161600612,1881.181
TheHoeBeater,75,0,0,0,0.183299973,0.678790175,126.696
FFFuckh1z1,94,0,0,0,0.051080968,0.606783197,93.938
mattd0estuff,52,0,0,1.372795747,2.049190366,0,642.043
GuoM,1,9,0,2.765428704,1.342703507,0.494241604,1869.531
woshihuanren,12,8,0,1.314630774,2.106492107,0.503715139,1562.391
so_sorry_666,58,1,1,0,0.91951425,0.376021506,428.167
Brains,74,0,0,0,1.034930823,0,223.037
anglesYY,37,1,0,0.433244344,2.53886917,0.187402912,885.792
secd993,15,0,0,0,2.167982582,0,1402.679
DMR1135,95,0,0,0,0.445046922,0,102.191
Gigantorr,51,0,0,0,1.871764047,0.036268392,634.161
KageTheMage,25,2,0,0,2.985193012,0.154118959,1154.952
gkffd,55,0,0,0,1.627623076,0.141685055,381.127
Quxiaonan,62,1,0,0,0.56190128,0.440516991,227.006
Erlca,18,1,0,2.890844801,1.61785744,0.091841682,1404.591
CJCasper,89,0,0,0,0.053498109,0,114.774
wikywiky,6,0,0,2.29229894,1.853546143,0,1623.544
AI--11,72,0,0,0,1.602858489,0,221.637
JayKidman,1,6,1,1.490264355,1.116341817,0.299669701,1811.995
DoDoDollars,21,0,0,2.014197542,2.003856525,0.017057411,1289.762
KILLBEROS_Scar,75,1,0,0,0.443590481,0.706291035,138.753
SirMrMcmuffin,31,2,1,0,1.996981459,0.343946823,1043.766
joker-role,77,0,0,0,1.808219964,0,169.973
DisBeSkipZ,16,3,0,0.405905874,1.867197164,0.070491845,1489.534
PhysiksMia,80,0,0,0,0.355212424,0,607.214
Odanskii,66,0,0,0,0.300875222,0,215.831
Dongxuan888,6,1,0,0,2.453677843,0.056193587,1850.745
shawanyia09,93,0,0,0,0.179316319,0,76.378
Whit3-Ros3,84,0,0,0,0.402347306,0,124.006
YLLYA,22,2,0,3.380240229,1.287753422,0.187725308,1337.06
woai5488464,48,2,0,0,0.870340087,0.465711469,476.69